threads,repetition,prefill_count,time,total_inserts,successful_inserts,total_deletes,successful_deletes,total_contains,successful_contains,total_operations,operations_per_thread
1,0,0,5.0,850916,432646,772847,380359,6117545,3001935,7741308,[7741308]
2,0,0,5.000007629394531,437015,236781,405128,184782,3206952,1465455,4049095,"[1933441, 2115654]"
4,0,0,5.000014781951904,232156,137644,210597,85802,1660138,675404,2102891,"[497498, 537846, 505458, 562089]"
8,0,0,5.00001859664917,201612,122838,183874,71726,1449884,566116,1835370,"[227732, 234650, 231004, 232982, 238134, 225475, 217158, 228235]"
10,0,0,5.000030517578125,200107,122207,181341,70797,1435905,561123,1817353,"[180204, 182881, 183254, 181777, 183484, 177912, 177299, 190020, 177671, 182851]"
20,0,0,5.000059127807617,195138,119728,178127,68794,1403120,542723,1776385,"[87611, 86985, 89898, 90574, 89390, 88011, 82890, 91683, 87014, 91798, 89897, 88017, 91698, 92450, 88209, 91049, 87519, 87422, 84314, 89956]"
40,0,0,5.000102996826172,190885,117631,173980,66696,1370566,526097,1735431,"[43306, 42816, 44885, 43769, 44050, 42825, 41892, 43083, 41998, 43935, 43301, 43530, 44409, 43899, 43036, 43159, 42314, 43161, 41364, 44411, 43375, 43681, 42173, 42292, 43172, 43608, 42626, 42768, 44824, 44215, 43346, 44915, 43514, 43941, 41224, 44735, 43919, 43709, 43486, 44765]"
64,0,0,5.000458240509033,185478,115151,168561,64093,1333139,507137,1687178,"[26475, 26316, 26941, 25967, 26955, 27090, 26568, 25322, 25858, 26284, 26100, 27006, 26559, 26057, 26636, 27252, 24954, 26507, 25847, 25865, 26244, 27019, 26764, 25147, 26187, 26813, 25716, 25104, 27167, 26057, 24940, 27430, 26863, 26038, 25175, 26081, 26020, 26841, 27013, 26700, 25499, 26809, 26563, 26222, 25771, 26156, 26872, 26273, 26013, 26341, 27036, 27238, 26359, 26123, 26821, 27014, 26255, 26563, 27144, 26587, 26641, 27431, 26077, 25492]"
