threads,repetition,prefill_count,time,total_inserts,successful_inserts,total_deletes,successful_deletes,total_contains,successful_contains,total_operations,operations_per_thread
1,0,0,5.0,1007558,507326,915575,455168,7245388,3590671,9168521,[9168521]
2,0,0,5.000001907348633,502132,268980,468481,217123,3703793,1716450,4674406,"[2024538, 2649868]"
4,0,0,5.0000176429748535,211224,127398,191608,75944,1513341,600467,1916173,"[491321, 445234, 485330, 494288]"
8,0,0,5.000035762786865,182539,113458,165638,62711,1312388,497390,1660565,"[211115, 208487, 213052, 203428, 211307, 203041, 212093, 198042]"
10,0,0,5.000026702880859,186999,115474,169096,64754,1341732,514139,1697827,"[173916, 174426, 175873, 166587, 175005, 162709, 174273, 165149, 163227, 166662]"
20,0,0,5.0000481605529785,186967,115796,170569,65139,1345904,512802,1703440,"[86648, 87842, 88102, 83614, 85324, 83661, 86416, 83330, 82944, 82443, 83259, 85000, 86637, 85109, 85099, 85438, 83454, 86878, 86668, 85574]"
40,0,0,5.000091552734375,185959,115124,169078,64570,1331397,504121,1686434,"[42303, 42853, 43201, 41427, 41576, 42717, 42470, 41288, 41973, 41257, 41772, 41101, 41428, 43195, 41485, 41626, 42780, 43136, 41536, 41688, 40907, 42615, 42696, 41906, 42568, 41509, 42413, 43215, 41052, 42731, 42574, 42535, 42811, 42877, 41629, 42679, 43226, 41398, 41796, 42485]"
64,0,0,5.000487327575684,187655,115742,170312,65056,1347282,514334,1705249,"[26661, 26942, 26816, 26948, 25473, 26602, 26988, 26374, 26452, 27267, 27197, 26402, 27110, 26983, 25718, 27642, 26820, 26405, 27057, 26980, 26453, 27386, 26967, 26408, 26383, 26144, 26550, 26730, 27088, 26822, 28047, 27571, 26501, 27823, 26423, 26146, 26836, 26905, 26790, 26786, 26368, 25827, 26191, 26661, 26088, 26213, 24849, 26441, 25885, 27019, 26675, 26359, 26204, 26746, 26901, 26451, 25188, 26929, 27166, 26744, 26454, 26935, 26559, 26800]"
