threads,repetition,prefill_count,time,total_inserts,successful_inserts,total_deletes,successful_deletes,total_contains,successful_contains,total_operations,operations_per_thread
1,0,0,1.0000001192092896,239600,141423,217855,89781,1723686,707421,2181141,[2181141]
2,0,0,1.0000005960464478,164650,104618,149734,54359,1182050,430495,1496434,"[763878, 732556]"
4,0,0,1.0000054836273193,61725,48418,55756,12056,439679,94789,557160,"[105348, 156448, 139530, 155834]"
8,0,0,1.0000180006027222,42255,35249,38283,6232,302629,49632,383167,"[48523, 46302, 46908, 47001, 47045, 49516, 49166, 48706]"
10,0,0,1.000022530555725,38665,32825,35021,5412,278390,42467,352076,"[35802, 33933, 33594, 33866, 34557, 35541, 36764, 35818, 35972, 36229]"
20,0,0,1.0000550746917725,38200,32478,35001,5380,277797,42382,350998,"[17191, 16951, 17204, 17180, 17209, 17272, 17355, 17523, 18167, 18124, 17928, 17698, 17567, 17507, 17952, 18554, 17977, 17358, 16929, 17352]"
40,0,0,1.0000765323638916,37670,32080,34243,5075,269740,40947,341653,"[8661, 8370, 8574, 8289, 8537, 8313, 8452, 8354, 8726, 8951, 8395, 8499, 8710, 8713, 8559, 8612, 8408, 8846, 8468, 8534, 8648, 8724, 8853, 8434, 8421, 8515, 8613, 8345, 8527, 8659, 8328, 8769, 8644, 8423, 8349, 8372, 8777, 8323, 8354, 8604]"
64,0,0,1.0004006624221802,38233,32377,34509,5228,273704,41592,346446,"[5450, 5292, 5522, 5424, 5045, 5480, 5258, 5557, 5577, 5451, 5641, 5286, 5427, 5390, 5516, 5393, 5614, 5355, 5418, 5427, 5457, 5441, 5153, 5417, 5448, 5278, 5476, 5404, 5523, 5435, 5389, 5491, 5266, 5563, 5467, 4998, 5338, 5614, 5709, 5442, 5409, 4990, 5541, 4969, 5473, 5534, 5575, 5396, 5217, 5463, 5480, 5313, 5622, 5454, 5723, 5462, 5261, 5621, 5275, 5290, 5310, 5523, 5261, 5452]"
