threads,time,total_inserts,successful_inserts,total_deletes,successful_deletes,total_contains,successful_contains,total_operations
1,1.0,237469.0,140387.0,215193.0,88234.0,1702653.0,699949.0,2155315.0
2,1.0000015497207642,162855.0,103650.0,147180.0,53631.0,1158805.0,424007.0,1468840.0
4,1.000004768371582,74822.0,56402.0,67111.0,16514.0,531551.0,131077.0,673484.0
8,1.0000065565109253,47481.0,39074.0,42786.0,7673.0,340716.0,61420.0,430983.0
10,1.0000245571136475,50439.0,40988.0,45396.0,8546.0,359364.0,67731.0,455199.0
20,1.000049352645874,42434.0,35482.0,38482.0,6298.0,303654.0,50064.0,384570.0
40,1.0000824928283691,39264.0,33213.0,35385.0,5489.0,279681.0,43318.0,354330.0
64,1.0004422664642334,37832.0,32150.0,34025.0,5126.0,269711.0,40534.0,341568.0
