threads,repetitions_per_point,time,total_inserts,successful_inserts,total_deletes,successful_deletes,total_contains,successful_contains,total_operations
1,0,1.000000238418579,203019,123518,184271,72186,1455196,571731,1842486
2,0,1.0000004768371582,224593,133796,202718,81861,1600981,649974,2028292
4,0,1.0000056028366089,208473,126509,188928,75032,1487750,588385,1885151
8,0,1.0000286102294922,187786,116154,169639,65284,1340164,512602,1697589
10,0,1.0000663995742798,180278,112402,162894,61574,1286844,485857,1630016
20,0,1.0000725984573364,146521,95276,131685,45944,1039867,363541,1318073
40,0,1.000339150428772,91582,65978,82530,22689,651077,181171,825189
64,0,1.0002858638763428,86306,63051,77215,20727,610641,163501,774162
