threads,time,total_inserts,successful_inserts,total_deletes,successful_deletes,total_contains,successful_contains,total_operations
1,5.0,514650.0,272557.0,466927.0,219914.0,3697232.0,1744678.0,4678809.0
2,5.000004291534424,615071.0,320198.0,556922.0,267675.0,4399867.0,2113507.0,5571860.0
4,5.000054836273193,516365.0,272531.0,466284.0,219813.0,3678494.0,1736848.0,4661143.0
8,5.003638744354248,425320.0,229137.0,384831.0,176721.0,3036245.0,1397743.0,3846396.0
10,5.0039825439453125,390698.0,213462.0,353951.0,161188.0,2796444.0,1269178.0,3541093.0
20,5.002685546875,379300.0,207738.0,342324.0,155103.0,2704824.0,1228038.0,3426448.0
40,5.000167369842529,395958.0,215202.0,357435.0,162627.0,2824308.0,1288033.0,3577701.0
64,5.000254154205322,418385.0,226146.0,377486.0,173481.0,2982367.0,1373005.0,3778238.0
