threads,repetitions_per_point,time,total_inserts,successful_inserts,total_deletes,successful_deletes,total_contains,successful_contains,total_operations
1,0,5.0,514650,272557,466927,219914,3697232,1744678,4678809
2,0,5.000004291534424,615071,320198,556922,267675,4399867,2113507,5571860
4,0,5.000054836273193,516365,272531,466284,219813,3678494,1736848,4661143
8,0,5.003638744354248,425320,229137,384831,176721,3036245,1397743,3846396
10,0,5.0039825439453125,390698,213462,353951,161188,2796444,1269178,3541093
20,0,5.002685546875,379300,207738,342324,155103,2704824,1228038,3426448
40,0,5.000167369842529,395958,215202,357435,162627,2824308,1288033,3577701
64,0,5.000254154205322,418385,226146,377486,173481,2982367,1373005,3778238
