threads,repetitions_per_point,time,total_inserts,successful_inserts,total_deletes,successful_deletes,total_contains,successful_contains,total_operations
1,0,1.000221610069275,249549,148315,242505,98077,114592,46372,606646
2,0,1.0000267028808594,244434,146034,236946,95656,112328,45381,593708
4,0,1.0120563507080078,184276,116013,179630,66634,84825,31801,448731
8,0,1.000182032585144,244061,145858,236925,95419,112608,45434,593594
10,0,1.0119428634643555,237405,142596,231677,92410,109370,43614,578452
20,0,1.000169038772583,224310,136188,218516,85827,103177,40813,546003
40,0,1.0060944557189941,221106,134511,215343,84255,101634,40020,538083
64,0,1.0497541427612305,203342,125407,197679,75603,93594,35969,494615
