threads,time,total_inserts,successful_inserts,total_deletes,successful_deletes,total_contains,successful_contains,total_operations
1,1.000221610069275,249549.0,148315.0,242505.0,98077.0,114592.0,46372.0,606646.0
2,1.0000267028808594,244434.0,146034.0,236946.0,95656.0,112328.0,45381.0,593708.0
4,1.0120563507080078,184276.0,116013.0,179630.0,66634.0,84825.0,31801.0,448731.0
8,1.000182032585144,244061.0,145858.0,236925.0,95419.0,112608.0,45434.0,593594.0
10,1.0119428634643555,237405.0,142596.0,231677.0,92410.0,109370.0,43614.0,578452.0
20,1.000169038772583,224310.0,136188.0,218516.0,85827.0,103177.0,40813.0,546003.0
40,1.0060944557189941,221106.0,134511.0,215343.0,84255.0,101634.0,40020.0,538083.0
64,1.0497541427612305,203342.0,125407.0,197679.0,75603.0,93594.0,35969.0,494615.0
