threads,time,total_inserts,successful_inserts,total_deletes,successful_deletes,total_contains,successful_contains,total_operations
1,1.0000001192092896,789382.0,414643.0,768949.0,364256.0,364600.0,172770.0,1922931.0
2,1.0000035762786865,246260.0,146806.0,239356.0,96399.0,113821.0,46359.0,599437.0
4,1.0000070333480835,276714.0,162060.0,268892.0,111316.0,127850.0,53266.0,673456.0
8,1.0000214576721191,266536.0,156821.0,259264.0,106306.0,122166.0,50238.0,647966.0
10,1.0000258684158325,235887.0,141727.0,229209.0,91420.0,108587.0,43460.0,573683.0
20,1.000096082687378,351070.0,198459.0,340259.0,147706.0,161352.0,70178.0,852681.0
40,1.0001702308654785,315452.0,180957.0,306009.0,130180.0,144824.0,62162.0,766285.0
64,1.0002591609954834,235533.0,141738.0,229439.0,91745.0,108995.0,43552.0,573967.0
