threads,repetitions_per_point,time,total_inserts,successful_inserts,total_deletes,successful_deletes,total_contains,successful_contains,total_operations
1,0,5.000000476837158,1290696,661582,1256888,610975,597307,290371,3144891
2,0,5.013248443603516,1411192,721078,1374703,670436,652629,318318,3438524
4,0,5.011996269226074,749698,395535,732183,345266,346436,163940,1828317
8,0,5.001671314239502,1017343,527604,991162,477168,469985,226048,2478490
10,0,5.003327369689941,1118290,577198,1090917,526504,516865,249618,2726072
20,0,5.001921653747559,877899,458108,854753,407485,406261,193144,2138913
40,0,5.015289783477783,857214,448340,834269,397814,396110,189103,2087593
64,0,5.003935813903809,854469,446895,832734,396628,394512,187828,2081715
