threads,time,total_inserts,successful_inserts,total_deletes,successful_deletes,total_contains,successful_contains,total_operations
1,5.000000476837158,1290696.0,661582.0,1256888.0,610975.0,597307.0,290371.0,3144891.0
2,5.013248443603516,1411192.0,721078.0,1374703.0,670436.0,652629.0,318318.0,3438524.0
4,5.011996269226074,749698.0,395535.0,732183.0,345266.0,346436.0,163940.0,1828317.0
8,5.001671314239502,1017343.0,527604.0,991162.0,477168.0,469985.0,226048.0,2478490.0
10,5.003327369689941,1118290.0,577198.0,1090917.0,526504.0,516865.0,249618.0,2726072.0
20,5.001921653747559,877899.0,458108.0,854753.0,407485.0,406261.0,193144.0,2138913.0
40,5.015289783477783,857214.0,448340.0,834269.0,397814.0,396110.0,189103.0,2087593.0
64,5.003935813903809,854469.0,446895.0,832734.0,396628.0,394512.0,187828.0,2081715.0
