threads,time,total_inserts,successful_inserts,total_deletes,successful_deletes,total_contains,successful_contains,total_operations
1,1.0000007152557373,133130.0,88466.0,120378.0,40181.0,948808.0,317818.0,1202316.0
2,1.0000003576278687,151801.0,98172.0,137514.0,48403.0,1082582.0,384470.0,1371897.0
4,1.0000187158584595,121924.0,82817.0,110231.0,35539.0,869870.0,280292.0,1102025.0
8,1.0000420808792114,98342.0,70094.0,88544.0,25571.0,695057.0,200265.0,881943.0
10,1.0000373125076294,92254.0,66538.0,83083.0,23121.0,657313.0,183305.0,832650.0
20,1.0001003742218018,93485.0,67206.0,84110.0,23500.0,663449.0,185931.0,841044.0
40,1.000307559967041,89731.0,65303.0,80370.0,22104.0,635828.0,174363.0,805929.0
64,1.0004265308380127,90533.0,65620.0,81605.0,22530.0,644670.0,176947.0,816808.0
