threads,time,total_inserts,successful_inserts,total_deletes,successful_deletes,total_contains,successful_contains,total_operations
1,5.0,2774550.0,1396120.0,2709043.0,1345708.0,1285191.0,638360.0,6768784.0
2,5.000000953674316,1654330.0,841149.0,1607890.0,790449.0,761901.0,374753.0,4024121.0
4,5.000011920928955,831600.0,435671.0,807816.0,385054.0,383094.0,182007.0,2022510.0
8,5.000022888183594,689754.0,366140.0,671220.0,315190.0,317735.0,148656.0,1678709.0
64,5.000539302825928,603616.0,323076.0,586651.0,272430.0,277927.0,129382.0,1468194.0
