threads,repetition,prefill_count,time,total_inserts,successful_inserts,total_deletes,successful_deletes,total_contains,successful_contains,total_operations,operations_per_thread
1,0,0,5.000000476837158,3161369,1588212,3084648,1537727,1465974,729687,7711991,[7711991]
2,0,0,5.000001430511475,1739511,896103,1743832,846188,828315,401399,4311658,"[2528125, 1783533]"
4,0,0,5.000014305114746,804622,422012,782534,371349,372635,176559,1959791,"[516271, 455757, 516288, 471475]"
8,0,0,5.000024795532227,732680,387880,715435,336846,338802,159550,1786917,"[219124, 223211, 222155, 235273, 218645, 222810, 226445, 219254]"
10,0,0,5.000034809112549,642170,342344,624960,291545,298161,139295,1565291,"[152824, 154346, 153864, 163435, 154549, 164923, 154930, 153508, 151359, 161553]"
20,0,0,5.000066757202148,637071,340199,621055,289547,295570,138243,1553696,"[77805, 74436, 77168, 82694, 76098, 79923, 74221, 76101, 79118, 79555, 79191, 76023, 76977, 76899, 77047, 79399, 77617, 76964, 78959, 77501]"
40,0,0,5.000095367431641,610163,326510,594731,275657,281857,131315,1486751,"[37128, 35453, 36580, 36970, 36774, 36626, 36595, 35655, 36592, 36616, 36546, 36851, 37116, 36633, 35683, 38316, 37642, 35068, 36661, 37034, 38152, 36998, 36533, 37396, 37535, 37078, 36198, 38567, 38130, 36780, 38522, 38211, 37900, 37666, 38341, 38766, 37428, 38613, 38070, 37328]"
64,0,0,5.000497817993164,606256,324647,590017,273727,281102,130596,1477375,"[23338, 23036, 22749, 23301, 22924, 22604, 22695, 22948, 22667, 23205, 22756, 22814, 23367, 23000, 23179, 23050, 22766, 22606, 23595, 22705, 23135, 22946, 22943, 23253, 23405, 23126, 22254, 23323, 23223, 22952, 23101, 23348, 22290, 23404, 23105, 23073, 23647, 23504, 23510, 22632, 22166, 22435, 23058, 22849, 23452, 23905, 23849, 23729, 22838, 23118, 22731, 22924, 23189, 23059, 23701, 23996, 22457, 23708, 22328, 23274, 22497, 23838, 23273, 23522]"
