threads,repetitions_per_point,time,total_inserts,successful_inserts,total_deletes,successful_deletes,total_contains,successful_contains,total_operations
1,0,1.0,283070,164518,275215,114161,129487,54119,687772
2,0,1.0000063180923462,432877,238420,419519,187812,197926,88761,1050322
4,0,1.0000102519989014,362756,204059,350516,153294,165859,72615,879131
8,0,1.0000282526016235,297483,171739,287052,121244,135537,57135,720072
10,0,1.0000419616699219,288271,167204,278122,116818,131107,54958,697500
20,0,1.0001029968261719,281179,163678,272612,113123,128238,53577,682029
40,0,1.0144562721252441,269877,158048,260749,107400,122863,50695,653489
64,0,1.007877230644226,246046,146302,238664,95784,112671,45877,597381
