threads,time,total_inserts,successful_inserts,total_deletes,successful_deletes,total_contains,successful_contains,total_operations
1,1.0,283070.0,164518.0,275215.0,114161.0,129487.0,54119.0,687772.0
2,1.0000063180923462,432877.0,238420.0,419519.0,187812.0,197926.0,88761.0,1050322.0
4,1.0000102519989014,362756.0,204059.0,350516.0,153294.0,165859.0,72615.0,879131.0
8,1.0000282526016235,297483.0,171739.0,287052.0,121244.0,135537.0,57135.0,720072.0
10,1.0000419616699219,288271.0,167204.0,278122.0,116818.0,131107.0,54958.0,697500.0
20,1.0001029968261719,281179.0,163678.0,272612.0,113123.0,128238.0,53577.0,682029.0
40,1.0144562721252441,269877.0,158048.0,260749.0,107400.0,122863.0,50695.0,653489.0
64,1.007877230644226,246046.0,146302.0,238664.0,95784.0,112671.0,45877.0,597381.0
