threads,time,total_inserts,successful_inserts,total_deletes,successful_deletes,total_contains,successful_contains,total_operations
1,1.0000003576278687,698994.0,370157.0,681157.0,319465.0,322203.0,151561.0,1702354.0
2,1.0000054836273193,234330.0,141843.0,234542.0,92235.0,110857.0,43668.0,579729.0
4,1.0000226497650146,164822.0,105854.0,159815.0,57008.0,76110.0,27186.0,400747.0
8,1.0000182390213013,140416.0,93400.0,136124.0,45939.0,65141.0,21827.0,341681.0
10,1.0000160932540894,126144.0,85873.0,122863.0,39268.0,57902.0,18349.0,306909.0
20,1.0000337362289429,133908.0,89811.0,129860.0,42774.0,61548.0,20188.0,325316.0
40,1.0001232624053955,124374.0,84964.0,121297.0,38536.0,57392.0,18259.0,303063.0
64,1.0004072189331055,121400.0,83214.0,117895.0,37062.0,56333.0,17895.0,295628.0
