threads,repetitions_per_point,time,total_inserts,successful_inserts,total_deletes,successful_deletes,total_contains,successful_contains,total_operations
1,0,5.0,3372201,1690850,3291357,1640192,1561586,777781,8225144
2,0,5.000005722045898,1850978,946000,1831773,895890,866962,423632,4549713
4,0,5.000007629394531,945769,491343,917464,440673,435175,209459,2298408
8,0,5.000020980834961,684924,363403,666027,312718,315994,148338,1666945
10,0,5.000022888183594,653271,347732,634148,296919,300074,140957,1587493
20,0,5.00003719329834,634504,337875,615411,287273,292409,136520,1542324
40,0,5.000102996826172,621666,332992,606703,282601,287027,133490,1515396
64,0,5.000508785247803,614866,328498,597324,277660,282044,131339,1494234
