threads,time,total_inserts,successful_inserts,total_deletes,successful_deletes,total_contains,successful_contains,total_operations
1,5.000000953674316,1192489.0,613657.0,1163647.0,563001.0,550869.0,267355.0,2907005.0
2,5.000003337860107,1259632.0,645770.0,1223098.0,595225.0,579211.0,282067.0,3061941.0
4,5.000046253204346,1358088.0,694281.0,1319304.0,643560.0,625398.0,304976.0,3302790.0
8,5.006148815155029,1294649.0,663335.0,1256364.0,612463.0,595161.0,290857.0,3146174.0
10,5.000263690948486,1397792.0,713781.0,1356000.0,663195.0,642594.0,314535.0,3396386.0
20,5.000168323516846,1434285.0,732610.0,1392400.0,681820.0,660149.0,322805.0,3486834.0
40,5.000462532043457,1378121.0,703944.0,1336171.0,653167.0,633668.0,309431.0,3347960.0
64,5.025298595428467,1362070.0,695614.0,1322198.0,645054.0,626554.0,306337.0,3310822.0
