threads,time,total_inserts,successful_inserts,total_deletes,successful_deletes,total_contains,successful_contains,total_operations
1,1.000007152557373,299104.0,172457.0,290766.0,121988.0,136745.0,57822.0,726615.0
2,1.0000526905059814,340056.0,192967.0,329562.0,142126.0,155332.0,67232.0,824950.0
4,1.000073790550232,295162.0,170221.0,283868.0,119608.0,134579.0,57208.0,713609.0
8,1.0001168251037598,283025.0,164384.0,272721.0,113730.0,128709.0,53731.0,684455.0
10,1.0000734329223633,283002.0,164516.0,273908.0,114000.0,129377.0,53973.0,686287.0
20,1.00026535987854,281153.0,163861.0,272618.0,113318.0,128621.0,53484.0,682392.0
40,1.0002325773239136,276144.0,161206.0,266748.0,110658.0,126690.0,52451.0,669582.0
64,1.000377893447876,274508.0,160401.0,265348.0,109862.0,125049.0,51444.0,664905.0
