threads,repetitions_per_point,time,total_inserts,successful_inserts,total_deletes,successful_deletes,total_contains,successful_contains,total_operations
1,0,1.000007152557373,299104,172457,290766,121988,136745,57822,726615
2,0,1.0000526905059814,340056,192967,329562,142126,155332,67232,824950
4,0,1.000073790550232,295162,170221,283868,119608,134579,57208,713609
8,0,1.0001168251037598,283025,164384,272721,113730,128709,53731,684455
10,0,1.0000734329223633,283002,164516,273908,114000,129377,53973,686287
20,0,1.00026535987854,281153,163861,272618,113318,128621,53484,682392
40,0,1.0002325773239136,276144,161206,266748,110658,126690,52451,669582
64,0,1.000377893447876,274508,160401,265348,109862,125049,51444,664905
