threads,repetitions_per_point,time,total_inserts,successful_inserts,total_deletes,successful_deletes,total_contains,successful_contains,total_operations
1,0,5.000000476837158,2209680,1116530,2156828,1066072,1022065,505495,5388573
2,0,5.000454425811768,1894622,959196,1839677,908418,871067,430071,4605366
4,0,5.000045299530029,1431593,730822,1389875,680143,658901,322799,3480369
8,0,5.000094890594482,1154510,594989,1122213,544085,531213,257394,2807936
10,0,5.0178914070129395,1145033,589442,1113518,538746,528166,256090,2786717
20,0,5.000185489654541,1165667,599410,1132242,548896,536975,261333,2834884
40,0,5.0085248947143555,1134590,584428,1100793,533723,522612,254206,2757995
64,0,5.015256404876709,1250040,641554,1214629,591074,575986,280570,3040655
