threads,time,total_inserts,successful_inserts,total_deletes,successful_deletes,total_contains,successful_contains,total_operations
1,5.000000476837158,2209680.0,1116530.0,2156828.0,1066072.0,1022065.0,505495.0,5388573.0
2,5.000454425811768,1894622.0,959196.0,1839677.0,908418.0,871067.0,430071.0,4605366.0
4,5.000045299530029,1431593.0,730822.0,1389875.0,680143.0,658901.0,322799.0,3480369.0
8,5.000094890594482,1154510.0,594989.0,1122213.0,544085.0,531213.0,257394.0,2807936.0
10,5.0178914070129395,1145033.0,589442.0,1113518.0,538746.0,528166.0,256090.0,2786717.0
20,5.000185489654541,1165667.0,599410.0,1132242.0,548896.0,536975.0,261333.0,2834884.0
40,5.0085248947143555,1134590.0,584428.0,1100793.0,533723.0,522612.0,254206.0,2757995.0
64,5.015256404876709,1250040.0,641554.0,1214629.0,591074.0,575986.0,280570.0,3040655.0
