threads,time,total_inserts,successful_inserts,total_deletes,successful_deletes,total_contains,successful_contains,total_operations
1,1.000000238418579,222402.0,133072.0,201955.0,81574.0,1595890.0,643700.0,2020247.0
2,1.0000008344650269,229876.0,136821.0,208555.0,85003.0,1645015.0,669168.0,2083446.0
4,1.0000026226043701,201074.0,122633.0,182752.0,71619.0,1443634.0,565055.0,1827460.0
8,1.0000120401382446,183977.0,114240.0,166252.0,63247.0,1315726.0,501511.0,1665955.0
10,1.0000382661819458,171843.0,108218.0,154985.0,57624.0,1225884.0,455969.0,1552712.0
20,1.000073790550232,113725.0,78359.0,102330.0,31967.0,808995.0,251437.0,1025050.0
40,1.0002760887145996,101104.0,71426.0,90731.0,26617.0,718180.0,211857.0,910015.0
64,1.000309705734253,100960.0,71552.0,90882.0,26699.0,718651.0,211305.0,910493.0
