threads,repetitions_per_point,time,total_inserts,successful_inserts,total_deletes,successful_deletes,total_contains,successful_contains,total_operations
1,0,1.0000005960464478,225864,134763,205099,83166,1621175,656761,2052138
2,0,1.0000004768371582,232192,137976,211003,86184,1663476,678732,2106671
4,0,1.0000019073486328,196505,120514,178345,69322,1405922,547594,1780772
8,0,1.0000118017196655,180782,112493,163707,61883,1290854,488418,1635343
10,0,1.000085711479187,180666,112632,164033,61978,1293640,489417,1638339
20,0,1.0000660419464111,143262,93683,129417,44852,1023223,354112,1295902
40,0,1.0026957988739014,83617,61637,75328,19694,595714,157357,754659
64,0,1.0018796920776367,78621,58620,70468,17872,559002,142272,708091
