threads,time,total_inserts,successful_inserts,total_deletes,successful_deletes,total_contains,successful_contains,total_operations
1,5.000000476837158,734263.0,377566.0,667976.0,325395.0,5276481.0,2569363.0,6678720.0
2,5.000001907348633,440720.0,237539.0,399736.0,185027.0,3159287.0,1461615.0,3999743.0
4,5.008000373840332,218404.0,131322.0,197924.0,79744.0,1562908.0,628664.0,1979236.0
8,5.000446796417236,269899.0,155666.0,245336.0,103829.0,1937028.0,821433.0,2452263.0
10,5.01839017868042,267340.0,154836.0,242491.0,102910.0,1915678.0,809948.0,2425509.0
20,5.0001397132873535,268575.0,154996.0,244061.0,103277.0,1926142.0,816193.0,2438778.0
40,5.000194549560547,369104.0,203094.0,334623.0,150623.0,2644190.0,1192331.0,3347917.0
64,5.000307559967041,354721.0,196503.0,322839.0,144270.0,2547560.0,1138832.0,3225120.0
