threads,time,total_inserts,successful_inserts,total_deletes,successful_deletes,total_contains,successful_contains,total_operations
1,1.0000004768371582,895112.0,466981.0,871625.0,416279.0,413956.0,197679.0,2180693.0
2,1.000010371208191,358288.0,202285.0,348955.0,151549.0,164757.0,71887.0,872000.0
4,1.0000051259994507,260723.0,154232.0,254030.0,104007.0,120424.0,49242.0,635177.0
8,1.0000182390213013,239063.0,143209.0,231859.0,92938.0,109478.0,44145.0,580400.0
10,1.0000237226486206,213572.0,130429.0,207021.0,80551.0,98248.0,38469.0,518841.0
20,1.0000876188278198,338884.0,192301.0,327897.0,141706.0,155418.0,67109.0,822199.0
40,1.0001450777053833,321533.0,183419.0,311386.0,132807.0,147312.0,63166.0,780231.0
64,1.0002565383911133,237472.0,142664.0,231475.0,92610.0,109678.0,43526.0,578625.0
