threads,repetitions_per_point,time,total_inserts,successful_inserts,total_deletes,successful_deletes,total_contains,successful_contains,total_operations
1,0,1.0000005960464478,441239,242839,428775,192109,202909,91121,1072923
2,0,1.0000015497207642,480727,262606,467519,212068,220795,100212,1169041
4,0,1.0000038146972656,382506,214371,371951,163806,176058,77388,930515
8,0,1.0000241994857788,237865,142997,232626,92783,109354,43796,579845
10,0,1.000035047531128,283863,165427,275612,114987,130352,54521,689827
20,0,1.004473328590393,311015,178880,302586,128384,142684,60759,756285
40,0,1.0002634525299072,313913,180154,304426,129490,144453,61865,762792
64,0,1.0013611316680908,281984,165107,274695,114494,129447,54398,686126
