threads,repetitions_per_point,time,total_inserts,successful_inserts,total_deletes,successful_deletes,total_contains,successful_contains,total_operations
1,0,5.000000476837158,1721809,875524,1678621,824651,797300,391701,4197730
2,0,5.000001907348633,1343467,688663,1310676,638200,621677,302491,3275820
4,0,5.000005722045898,1209601,623031,1179285,572366,558578,271201,2947464
8,0,5.000453472137451,1017974,528221,991943,477590,470822,226933,2480739
10,0,5.007778644561768,917904,478162,894496,427399,424578,203316,2236978
20,0,5.004068851470947,741779,390875,721629,340643,342057,162208,1805465
40,0,5.018616676330566,778689,410558,760987,360151,360268,170530,1899944
64,0,5.008107662200928,734201,387399,714078,336823,338763,159954,1787042
