threads,repetitions_per_point,time,total_inserts,successful_inserts,total_deletes,successful_deletes,total_contains,successful_contains,total_operations
1,0,1.0000007152557373,121730,82515,110149,35332,867069,278571,1098948
2,0,1.0065081119537354,139943,91748,125336,42853,990804,340117,1256083
4,0,1.0048179626464844,106731,74632,96515,29076,758711,228827,961957
8,0,1.0025420188903809,90195,65496,80968,22318,639758,175770,810921
10,0,1.0103808641433716,88614,64572,79255,21606,626703,170176,794572
20,0,1.0090458393096924,81195,60226,72630,18585,575485,149248,729310
40,0,1.0008925199508667,68514,52713,61580,14362,486520,113336,616614
64,0,1.002272605895996,74793,56416,66618,16484,528477,130265,669888
