threads,time,total_inserts,successful_inserts,total_deletes,successful_deletes,total_contains,successful_contains,total_operations
1,1.0000007152557373,121730.0,82515.0,110149.0,35332.0,867069.0,278571.0,1098948.0
2,1.0065081119537354,139943.0,91748.0,125336.0,42853.0,990804.0,340117.0,1256083.0
4,1.0048179626464844,106731.0,74632.0,96515.0,29076.0,758711.0,228827.0,961957.0
8,1.0025420188903809,90195.0,65496.0,80968.0,22318.0,639758.0,175770.0,810921.0
10,1.0103808641433716,88614.0,64572.0,79255.0,21606.0,626703.0,170176.0,794572.0
20,1.0090458393096924,81195.0,60226.0,72630.0,18585.0,575485.0,149248.0,729310.0
40,1.0008925199508667,68514.0,52713.0,61580.0,14362.0,486520.0,113336.0,616614.0
64,1.002272605895996,74793.0,56416.0,66618.0,16484.0,528477.0,130265.0,669888.0
