threads,time,total_inserts,successful_inserts,total_deletes,successful_deletes,total_contains,successful_contains,total_operations
1,5.000001430511475,318548.0,178989.0,289326.0,126728.0,2288084.0,1005759.0,2895958.0
2,5.000382423400879,547955.0,287564.0,495169.0,234807.0,3915066.0,1861448.0,4958190.0
4,5.000003337860107,364082.0,200344.0,328828.0,147957.0,2599767.0,1169736.0,3292677.0
8,5.003381252288818,367236.0,201966.0,332393.0,149803.0,2629358.0,1183851.0,3328987.0
10,5.000096321105957,402375.0,218720.0,363489.0,166111.0,2874388.0,1313723.0,3640252.0
20,5.000136375427246,406444.0,220501.0,366849.0,167828.0,2898231.0,1326587.0,3671524.0
40,5.0007429122924805,397553.0,216402.0,359835.0,163845.0,2839359.0,1292105.0,3596747.0
64,5.001584529876709,370982.0,203698.0,335496.0,151185.0,2651367.0,1198215.0,3357845.0
