threads,repetitions_per_point,time,total_inserts,successful_inserts,total_deletes,successful_deletes,total_contains,successful_contains,total_operations
1,0,5.000001430511475,318548,178989,289326,126728,2288084,1005759,2895958
2,0,5.000382423400879,547955,287564,495169,234807,3915066,1861448,4958190
4,0,5.000003337860107,364082,200344,328828,147957,2599767,1169736,3292677
8,0,5.003381252288818,367236,201966,332393,149803,2629358,1183851,3328987
10,0,5.000096321105957,402375,218720,363489,166111,2874388,1313723,3640252
20,0,5.000136375427246,406444,220501,366849,167828,2898231,1326587,3671524
40,0,5.0007429122924805,397553,216402,359835,163845,2839359,1292105,3596747
64,0,5.001584529876709,370982,203698,335496,151185,2651367,1198215,3357845
