threads,repetitions_per_point,time,total_inserts,successful_inserts,total_deletes,successful_deletes,total_contains,successful_contains,total_operations
1,0,1.0000007152557373,247575,145273,224604,93332,1776179,736764,2248358
2,0,1.0000017881393433,142919,93620,128989,44576,1018305,352295,1290213
4,0,1.0000040531158447,77965,58468,69760,17749,551687,139226,699412
8,0,1.0000170469284058,86996,63594,78572,21060,620300,168169,785868
10,0,1.000020980834961,83751,61768,75027,19833,596448,157554,755226
20,0,1.0000630617141724,92742,67062,83342,23271,660023,185472,836107
40,0,1.000156044960022,96891,69177,87093,24814,688836,197693,872820
64,0,1.000186800956726,80211,59593,72071,18452,571274,146440,723556
