threads,time,total_inserts,successful_inserts,total_deletes,successful_deletes,total_contains,successful_contains,total_operations
1,1.0000007152557373,247575.0,145273.0,224604.0,93332.0,1776179.0,736764.0,2248358.0
2,1.0000017881393433,142919.0,93620.0,128989.0,44576.0,1018305.0,352295.0,1290213.0
4,1.0000040531158447,77965.0,58468.0,69760.0,17749.0,551687.0,139226.0,699412.0
8,1.0000170469284058,86996.0,63594.0,78572.0,21060.0,620300.0,168169.0,785868.0
10,1.000020980834961,83751.0,61768.0,75027.0,19833.0,596448.0,157554.0,755226.0
20,1.0000630617141724,92742.0,67062.0,83342.0,23271.0,660023.0,185472.0,836107.0
40,1.000156044960022,96891.0,69177.0,87093.0,24814.0,688836.0,197693.0,872820.0
64,1.000186800956726,80211.0,59593.0,72071.0,18452.0,571274.0,146440.0,723556.0
