threads,time,total_inserts,successful_inserts,total_deletes,successful_deletes,total_contains,successful_contains,total_operations
1,1.000001072883606,87131.0,63561.0,77950.0,21004.0,619793.0,167582.0,784874.0
2,1.0000014305114746,78719.0,58934.0,70879.0,18018.0,560307.0,142609.0,709905.0
4,1.000004768371582,58457.0,46378.0,52174.0,10747.0,415891.0,87573.0,526522.0
8,1.0018242597579956,63725.0,49531.0,56825.0,12488.0,450792.0,100782.0,571342.0
10,1.0082131624221802,66404.0,51421.0,59662.0,13783.0,474551.0,108222.0,600617.0
20,1.0001490116119385,63625.0,49727.0,56810.0,12453.0,451196.0,100892.0,571631.0
40,1.0005059242248535,58455.0,46242.0,52282.0,10852.0,415469.0,87293.0,526206.0
64,1.007279396057129,54005.0,43440.0,48593.0,9531.0,383554.0,76026.0,486152.0
