threads,time,total_inserts,successful_inserts,total_deletes,successful_deletes,total_contains,successful_contains,total_operations
1,5.000000476837158,372563.0,205160.0,338594.0,152746.0,2676260.0,1206427.0,3387417.0
2,5.000003337860107,489600.0,261124.0,445174.0,208925.0,3515882.0,1647507.0,4450656.0
4,5.000028610229492,257026.0,149751.0,233258.0,97975.0,1842886.0,772831.0,2333170.0
8,5.000209331512451,302276.0,171317.0,274169.0,119369.0,2168543.0,943324.0,2744988.0
10,5.010524749755859,328462.0,183691.0,298199.0,131254.0,2357401.0,1041391.0,2984062.0
20,5.009986400604248,312780.0,176487.0,283786.0,124242.0,2244386.0,983096.0,2840952.0
40,5.000370025634766,282718.0,162122.0,257298.0,110310.0,2028553.0,869095.0,2568569.0
64,5.001589775085449,280131.0,160615.0,254182.0,108665.0,2008303.0,857252.0,2542616.0
