threads,repetitions_per_point,time,total_inserts,successful_inserts,total_deletes,successful_deletes,total_contains,successful_contains,total_operations
1,0,5.000000476837158,372563,205160,338594,152746,2676260,1206427,3387417
2,0,5.000003337860107,489600,261124,445174,208925,3515882,1647507,4450656
4,0,5.000028610229492,257026,149751,233258,97975,1842886,772831,2333170
8,0,5.000209331512451,302276,171317,274169,119369,2168543,943324,2744988
10,0,5.010524749755859,328462,183691,298199,131254,2357401,1041391,2984062
20,0,5.009986400604248,312780,176487,283786,124242,2244386,983096,2840952
40,0,5.000370025634766,282718,162122,257298,110310,2028553,869095,2568569
64,0,5.001589775085449,280131,160615,254182,108665,2008303,857252,2542616
